Workbook

Sheet สรุปผลและลงนาม
A1: สรุปผลการทดสอบระบบ (UAT) — ระบบ POS คาเฟ่ตะวันอ้อมข้าว
A3: เกณฑ์การตรวจรับ: รายการทดสอบในขอบเขต TOR (ข้อ 3.1–3.11 และข้อ 4) ต้องมีผล 'ผ่าน' ครบทุกรายการ รายการในชีต 'ฟังก์ชันเพิ่มเติม (นอก TOR)' ไม่อยู่ในเกณฑ์การตรวจรับ
A5: โมดูล | B5: จำนวนข้อทดสอบ | C5: ผ่าน | D5: ไม่ผ่าน | E5: ยังไม่ทดสอบ
A6: 3.1 ผู้ใช้และสิทธิ์ | B6: 8 | C6: =COUNTIF('3.1 ผู้ใช้และสิทธิ์'!E:E,"ผ่าน") | D6: =COUNTIF('3.1 ผู้ใช้และสิทธิ์'!E:E,"ไม่ผ่าน") | E6: =8-COUNTIF('3.1 ผู้ใช้และสิทธิ์'!E:E,"ผ่าน")-COUNTIF('3.1 ผู้ใช้และสิทธิ์'!E:E,"ไม่ผ่าน")
A7: 3.2 บุคลากรและการลา | B7: 9 | C7: =COUNTIF('3.2 บุคลากรและการลา'!E:E,"ผ่าน") | D7: =COUNTIF('3.2 บุคลากรและการลา'!E:E,"ไม่ผ่าน") | E7: =9-COUNTIF('3.2 บุคลากรและการลา'!E:E,"ผ่าน")-COUNTIF('3.2 บุคลากรและการลา'!E:E,"ไม่ผ่าน")
A8: 3.3 กะงานและงานพนักงาน | B8: 5 | C8: =COUNTIF('3.3 กะงานและงานพนักงาน'!E:E,"ผ่าน") | D8: =COUNTIF('3.3 กะงานและงานพนักงาน'!E:E,"ไม่ผ่าน") | E8: =5-COUNTIF('3.3 กะงานและงานพนักงาน'!E:E,"ผ่าน")-COUNTIF('3.3 กะงานและงานพนักงาน'!E:E,"ไม่ผ่าน")
A9: 3.4 การจัดการเงินสด | B9: 4 | C9: =COUNTIF('3.4 การจัดการเงินสด'!E:E,"ผ่าน") | D9: =COUNTIF('3.4 การจัดการเงินสด'!E:E,"ไม่ผ่าน") | E9: =4-COUNTIF('3.4 การจัดการเงินสด'!E:E,"ผ่าน")-COUNTIF('3.4 การจัดการเงินสด'!E:E,"ไม่ผ่าน")
A10: 3.5 เมนูและสูตรวัตถุดิบ | B10: 8 | C10: =COUNTIF('3.5 เมนูและสูตรวัตถุดิบ'!E:E,"ผ่าน") | D10: =COUNTIF('3.5 เมนูและสูตรวัตถุดิบ'!E:E,"ไม่ผ่าน") | E10: =8-COUNTIF('3.5 เมนูและสูตรวัตถุดิบ'!E:E,"ผ่าน")-COUNTIF('3.5 เมนูและสูตรวัตถุดิบ'!E:E,"ไม่ผ่าน")
A11: 3.6 คลังสินค้าและรับสินค้า | B11: 7 | C11: =COUNTIF('3.6 คลังสินค้าและรับสินค้า'!E:E,"ผ่าน") | D11: =COUNTIF('3.6 คลังสินค้าและรับสินค้า'!E:E,"ไม่ผ่าน") | E11: =7-COUNTIF('3.6 คลังสินค้าและรับสินค้า'!E:E,"ผ่าน")-COUNTIF('3.6 คลังสินค้าและรับสินค้า'!E:E,"ไม่ผ่าน")
A12: 3.7 คำสั่งซื้อและ KDS | B12: 9 | C12: =COUNTIF('3.7 คำสั่งซื้อและ KDS'!E:E,"ผ่าน") | D12: =COUNTIF('3.7 คำสั่งซื้อและ KDS'!E:E,"ไม่ผ่าน") | E12: =9-COUNTIF('3.7 คำสั่งซื้อและ KDS'!E:E,"ผ่าน")-COUNTIF('3.7 คำสั่งซื้อและ KDS'!E:E,"ไม่ผ่าน")
A13: 3.8 สั่งซื้อล่วงหน้า | B13: 6 | C13: =COUNTIF('3.8 สั่งซื้อล่วงหน้า'!E:E,"ผ่าน") | D13: =COUNTIF('3.8 สั่งซื้อล่วงหน้า'!E:E,"ไม่ผ่าน") | E13: =6-COUNTIF('3.8 สั่งซื้อล่วงหน้า'!E:E,"ผ่าน")-COUNTIF('3.8 สั่งซื้อล่วงหน้า'!E:E,"ไม่ผ่าน")
A14: 3.9 รายการของที่ต้องซื้อ | B14: 3 | C14: =COUNTIF('3.9 รายการของที่ต้องซื้อ'!E:E,"ผ่าน") | D14: =COUNTIF('3.9 รายการของที่ต้องซื้อ'!E:E,"ไม่ผ่าน") | E14: =3-COUNTIF('3.9 รายการของที่ต้องซื้อ'!E:E,"ผ่าน")-COUNTIF('3.9 รายการของที่ต้องซื้อ'!E:E,"ไม่ผ่าน")
A15: 3.10 ข้อมูลลูกค้า (CRM) | B15: 4 | C15: =COUNTIF('3.10 ข้อมูลลูกค้า (CRM)'!E:E,"ผ่าน") | D15: =COUNTIF('3.10 ข้อมูลลูกค้า (CRM)'!E:E,"ไม่ผ่าน") | E15: =4-COUNTIF('3.10 ข้อมูลลูกค้า (CRM)'!E:E,"ผ่าน")-COUNTIF('3.10 ข้อมูลลูกค้า (CRM)'!E:E,"ไม่ผ่าน")
A16: 3.11 รายงานและแดชบอร์ด | B16: 10 | C16: =COUNTIF('3.11 รายงานและแดชบอร์ด'!E:E,"ผ่าน") | D16: =COUNTIF('3.11 รายงานและแดชบอร์ด'!E:E,"ไม่ผ่าน") | E16: =10-COUNTIF('3.11 รายงานและแดชบอร์ด'!E:E,"ผ่าน")-COUNTIF('3.11 รายงานและแดชบอร์ด'!E:E,"ไม่ผ่าน")
A17: ข้อ 4 ข้อกำหนดทางเทคนิค | B17: 4 | C17: =COUNTIF('ข้อ 4 ข้อกำหนดทางเทคนิค'!E:E,"ผ่าน") | D17: =COUNTIF('ข้อ 4 ข้อกำหนดทางเทคนิค'!E:E,"ไม่ผ่าน") | E17: =4-COUNTIF('ข้อ 4 ข้อกำหนดทางเทคนิค'!E:E,"ผ่าน")-COUNTIF('ข้อ 4 ข้อกำหนดทางเทคนิค'!E:E,"ไม่ผ่าน")
A20: ผลการตรวจรับ: [ ] ผ่านการตรวจรับ [ ] ไม่ผ่านการตรวจรับ
A23: ลงชื่อ ____________________ (ผู้ว่าจ้าง) | D23: ลงชื่อ ____________________ (ผู้รับจ้าง)
A25: ชื่อ-สกุล ____________________ | D25: ชื่อ-สกุล ____________________
A27: วันที่ ____________________ | D27: วันที่ ____________________

Sheet 3.1 ผู้ใช้และสิทธิ์
A1: การทดสอบ: 3.1 ผู้ใช้และสิทธิ์
A2: อ้างอิง: TOR ข้อ 3.1
A4: รหัส | B4: สถานการณ์ทดสอบ | C4: ขั้นตอน | D4: ผลที่คาดหวัง | E4: ผล | F4: หมายเหตุ | G4: ผู้ทดสอบ | H4: วันที่
A5: UAT-AUTH-01 | B5: เข้าสู่ระบบด้วย PIN ที่ถูกต้อง | C5: 1. เปิดแอป 2. กรอก PIN ของพนักงานที่มีอยู่ 3. กดเข้าสู่ระบบ | D5: เข้าสู่ระบบสำเร็จ แสดงชื่อและบทบาทของพนักงาน
A6: UAT-AUTH-02 | B6: เข้าสู่ระบบด้วย PIN ผิด | C6: 1. กรอก PIN ที่ไม่ถูกต้อง 2. กดเข้าสู่ระบบ | D6: ระบบปฏิเสธ แสดงข้อความแจ้งเตือน ไม่เข้าสู่ระบบ
A7: UAT-AUTH-03 | B7: อายุเซสชัน 8 ชั่วโมง (1 กะ) | C7: 1. เข้าสู่ระบบ 2. ตรวจสอบอายุของเซสชัน/โทเคนที่ได้รับ | D7: เซสชันมีอายุ 8 ชั่วโมง เมื่อหมดอายุต้องเข้าสู่ระบบใหม่
A8: UAT-AUTH-04 | B8: เจ้าของ (Owner) เข้าถึงรายงานได้ | C8: 1. เข้าสู่ระบบด้วยบัญชี Owner 2. เปิดเมนูรายงานยอดขาย | D8: เปิดรายงานได้ครบทุกรายงาน
A9: UAT-AUTH-05 | B9: บาริสต้าไม่สามารถยกเลิกออเดอร์ได้ | C9: 1. เข้าสู่ระบบด้วยบัญชี Barista 2. พยายามยกเลิก (Void) ออเดอร์ | D9: ระบบปฏิเสธ (เฉพาะผู้จัดการ/เจ้าของเท่านั้น)
A10: UAT-AUTH-06 | B10: บาริสต้าไม่สามารถจัดการบัญชีพนักงานได้ | C10: 1. เข้าสู่ระบบด้วยบัญชี Barista 2. พยายามเปิดหน้าจัดการพนักงาน | D10: ระบบปฏิเสธการเข้าถึง
A11: UAT-AUTH-07 | B11: เบเกอร์มีสิทธิ์เทียบเท่าบาริสต้า | C11: 1. เข้าสู่ระบบด้วยบัญชี Baker 2. รับออเดอร์ 1 รายการ 3. เปิดหน้าการผลิต | D11: ทำรายการได้เช่นเดียวกับบาริสต้า และเข้าถึงงานผลิตได้
A12: UAT-AUTH-08 | B12: พนักงานที่ถูกปิดการใช้งานเข้าสู่ระบบไม่ได้ | C12: 1. ผู้จัดการปิดการใช้งานบัญชีพนักงาน 2. พนักงานคนดังกล่าวพยายามเข้าสู่ระบบ | D12: เข้าสู่ระบบไม่ได้

Sheet 3.2 บุคลากรและการลา
A1: การทดสอบ: 3.2 บุคลากรและการลา
A2: อ้างอิง: TOR ข้อ 3.2
A4: รหัส | B4: สถานการณ์ทดสอบ | C4: ขั้นตอน | D4: ผลที่คาดหวัง | E4: ผล | F4: หมายเหตุ | G4: ผู้ทดสอบ | H4: วันที่
A5: UAT-HR-01 | B5: สร้างบัญชีพนักงานพร้อมข้อมูลครบถ้วน | C5: 1. เข้าสู่ระบบเป็นผู้จัดการ 2. สร้างพนักงานใหม่: ชื่อ, PIN, บทบาท, ตำแหน่ง, เบอร์โทร, อีเมล, ที่อยู่ 3. บันทึก | D5: สร้างสำเร็จ ข้อมูลแสดงครบทุกช่อง
A6: UAT-HR-02 | B6: แก้ไขข้อมูลพนักงาน | C6: 1. เปิดข้อมูลพนักงานที่มีอยู่ 2. แก้ไขเบอร์โทรและตำแหน่ง 3. บันทึก | D6: ข้อมูลอัปเดตถูกต้อง
A7: UAT-HR-03 | B7: ปิดการใช้งานบัญชีพนักงาน | C7: 1. เลือกพนักงาน 2. ปิดการใช้งานบัญชี | D7: บัญชีถูกปิด พนักงานเข้าสู่ระบบไม่ได้ ข้อมูลเดิมยังคงอยู่
A8: UAT-HR-04 | B8: ป้องกันเบอร์โทรซ้ำในสาขาเดียวกัน | C8: 1. สร้างพนักงานใหม่ด้วยเบอร์โทรที่มีอยู่แล้วในสาขา | D8: ระบบปฏิเสธ แจ้งว่าเบอร์โทรซ้ำ
A9: UAT-HR-05 | B9: ป้องกันอีเมลซ้ำในสาขาเดียวกัน | C9: 1. สร้างพนักงานใหม่ด้วยอีเมลที่มีอยู่แล้วในสาขา | D9: ระบบปฏิเสธ แจ้งว่าอีเมลซ้ำ
A10: UAT-HR-06 | B10: พนักงานยื่นคำขอลา | C10: 1. เข้าสู่ระบบเป็นพนักงาน 2. ยื่นคำขอลา ระบุประเภท (พักร้อน/ป่วย/กิจ/อื่นๆ) และช่วงวันที่ | D10: คำขอถูกบันทึก สถานะ 'รออนุมัติ'
A11: UAT-HR-07 | B11: ผู้จัดการอนุมัติคำขอลา | C11: 1. เข้าสู่ระบบเป็นผู้จัดการ 2. เปิดคำขอลาที่รออนุมัติ 3. กดอนุมัติ | D11: สถานะเปลี่ยนเป็น 'อนุมัติ' และบันทึกประวัติ
A12: UAT-HR-08 | B12: ผู้จัดการปฏิเสธคำขอลา | C12: 1. เปิดคำขอลาที่รออนุมัติ 2. กดปฏิเสธ | D12: สถานะเปลี่ยนเป็น 'ปฏิเสธ' และบันทึกประวัติ
A13: UAT-HR-09 | B13: ดูประวัติการลาย้อนหลัง | C13: 1. เปิดหน้าประวัติการลาของพนักงาน | D13: เห็นรายการลาทั้งหมดพร้อมสถานะ

Sheet 3.3 กะงานและงานพนักงาน
A1: การทดสอบ: 3.3 กะงานและงานพนักงาน
A2: อ้างอิง: TOR ข้อ 3.3
A4: รหัส | B4: สถานการณ์ทดสอบ | C4: ขั้นตอน | D4: ผลที่คาดหวัง | E4: ผล | F4: หมายเหตุ | G4: ผู้ทดสอบ | H4: วันที่
A5: UAT-SHF-01 | B5: กำหนดกะทำงานให้พนักงาน | C5: 1. เข้าสู่ระบบเป็นผู้จัดการ 2. สร้างกะ: เลือกพนักงาน วันเวลาเริ่ม-เลิกงาน 3. บันทึก | D5: กะถูกบันทึกและแสดงในตาราง
A6: UAT-SHF-02 | B6: กรองดูตารางกะเป็นรายสัปดาห์ | C6: 1. เปิดตารางกะ 2. เลือกช่วงสัปดาห์ | D6: แสดงเฉพาะกะในสัปดาห์ที่เลือก
A7: UAT-SHF-03 | B7: แก้ไข/ลบกะทำงาน | C7: 1. เลือกกะที่มีอยู่ 2. เปลี่ยนเวลา แล้วบันทึก 3. ลบกะอีกรายการหนึ่ง | D7: การแก้ไขและการลบมีผลถูกต้อง
A8: UAT-SHF-04 | B8: ผู้จัดการสร้างและมอบหมายงาน | C8: 1. สร้างงานใหม่ ระบุรายละเอียดและผู้รับผิดชอบ | D8: งานแสดงในรายการของพนักงาน สถานะ 'รอดำเนินการ'
A9: UAT-SHF-05 | B9: สถานะงานครบวงจร | C9: 1. พนักงานเปลี่ยนสถานะงาน: รอดำเนินการ → กำลังดำเนินการ → รอการตรวจสอบ 2. ผู้จัดการตรวจและปิดงานเป็น 'เสร็จสิ้น' | D9: สถานะเปลี่ยนตามลำดับและบันทึกถูกต้อง

Sheet 3.4 การจัดการเงินสด
A1: การทดสอบ: 3.4 การจัดการเงินสด
A2: อ้างอิง: TOR ข้อ 3.4
A4: รหัส | B4: สถานการณ์ทดสอบ | C4: ขั้นตอน | D4: ผลที่คาดหวัง | E4: ผล | F4: หมายเหตุ | G4: ผู้ทดสอบ | H4: วันที่
A5: UAT-CSH-01 | B5: ผู้จัดการเปิดเซสชันเงินสด (เปิดลิ้นชัก) | C5: 1. เข้าสู่ระบบเป็นผู้จัดการ 2. เปิดเซสชันเงินสด กรอกยอดเงินเปิด | D5: เซสชันเปิดสำเร็จ บันทึกยอดเงินเปิดและเวลา
A6: UAT-CSH-02 | B6: ปิดเซสชันเงินสด (ปิดลิ้นชัก) | C6: 1. เปิดเซสชันที่ค้างอยู่ 2. กรอกยอดเงินปิด แล้วปิดเซสชัน | D6: เซสชันปิดสำเร็จ บันทึกยอดเงินปิดและเวลา
A7: UAT-CSH-03 | B7: บาริสต้าไม่สามารถเปิด/ปิดลิ้นชักได้ | C7: 1. เข้าสู่ระบบเป็นบาริสต้า 2. พยายามเปิดเซสชันเงินสด | D7: ระบบปฏิเสธ
A8: UAT-CSH-04 | B8: ดูประวัติเซสชันเงินสดย้อนหลัง | C8: 1. เปิดรายการเซสชันเงินสด | D8: เห็นยอดเงินเปิด-ปิดของแต่ละวัน/กะ

Sheet 3.5 เมนูและสูตรวัตถุดิบ
A1: การทดสอบ: 3.5 เมนูและสูตรวัตถุดิบ
A2: อ้างอิง: TOR ข้อ 3.5
A4: รหัส | B4: สถานการณ์ทดสอบ | C4: ขั้นตอน | D4: ผลที่คาดหวัง | E4: ผล | F4: หมายเหตุ | G4: ผู้ทดสอบ | H4: วันที่
A5: UAT-MNU-01 | B5: สร้างหมวดหมู่สินค้า | C5: 1. เข้าสู่ระบบเป็นผู้จัดการ 2. สร้างหมวดหมู่ใหม่ 3. บันทึก | D5: หมวดหมู่แสดงในรายการ
A6: UAT-MNU-02 | B6: สร้างสินค้าพร้อมรายละเอียดครบ | C6: 1. สร้างสินค้า: ชื่อ, คำอธิบาย, ราคา, หมวดหมู่, สถานะจำหน่าย | D6: สินค้าแสดงในเมนูพร้อมราคาถูกต้อง
A7: UAT-MNU-03 | B7: ปิดการจำหน่ายสินค้า | C7: 1. แก้ไขสินค้า เปลี่ยนสถานะเป็นไม่จำหน่าย | D7: สินค้าไม่ปรากฏ/สั่งไม่ได้ในหน้ารับออเดอร์
A8: UAT-MNU-04 | B8: ผูกสูตรวัตถุดิบเข้ากับสินค้า | C8: 1. เปิดสินค้า 2. เพิ่มรายการวัตถุดิบและปริมาณที่ใช้ต่อ 1 หน่วยขาย 3. บันทึก | D8: สูตรถูกบันทึกครบทุกรายการ
A9: UAT-MNU-05 | B9: ขายแล้วตัดสต็อกตามสูตร | C9: 1. จดยอดสต็อกวัตถุดิบก่อนขาย 2. ขายสินค้าที่มีสูตร 1 รายการ 3. ตรวจสอบสต็อกหลังขาย | D9: สต็อกวัตถุดิบลดลงตามปริมาณในสูตรพอดี
A10: UAT-MNU-06 | B10: สร้างกลุ่มตัวเลือก (Modifiers) พร้อมราคาเพิ่ม | C10: 1. สร้างกลุ่มตัวเลือก เช่น ขนาด/ความหวาน/ท็อปปิ้ง 2. เพิ่มตัวเลือกพร้อมราคาบวกเพิ่ม 3. ผูกกลุ่มกับสินค้า | D10: ตัวเลือกแสดงตอนสั่งสินค้าและบวกราคาถูกต้อง
A11: UAT-MNU-07 | B11: บังคับเลือกตัวเลือกที่จำเป็น | C11: 1. ตั้งค่ากลุ่มตัวเลือกเป็น 'บังคับเลือก' 2. สั่งสินค้าโดยไม่เลือกตัวเลือก | D11: ระบบไม่ให้ยืนยันออเดอร์จนกว่าจะเลือก
A12: UAT-MNU-08 | B12: แก้ไขราคาสินค้า | C12: 1. แก้ไขราคาสินค้า 2. สั่งสินค้านั้นใหม่ | D12: ออเดอร์ใหม่ใช้ราคาที่แก้ไขแล้ว ออเดอร์เก่าไม่เปลี่ยน

Sheet 3.6 คลังสินค้าและรับสินค้า
A1: การทดสอบ: 3.6 คลังสินค้าและรับสินค้า
A2: อ้างอิง: TOR ข้อ 3.6
A4: รหัส | B4: สถานการณ์ทดสอบ | C4: ขั้นตอน | D4: ผลที่คาดหวัง | E4: ผล | F4: หมายเหตุ | G4: ผู้ทดสอบ | H4: วันที่
A5: UAT-INV-01 | B5: ดูสต็อกคงเหลือปัจจุบัน | C5: 1. เปิดหน้าคลังสินค้า | D5: เห็นรายการวัตถุดิบพร้อมจำนวนคงเหลือและหน่วย
A6: UAT-INV-02 | B6: ตั้งระดับขั้นต่ำ (Par Level) และแจ้งเตือนสต็อกต่ำ | C6: 1. ตั้ง Par Level ของวัตถุดิบให้สูงกว่ายอดคงเหลือ 2. เปิดรายงาน/หน้าแจ้งเตือนสต็อกต่ำ | D6: วัตถุดิบรายการนั้นปรากฏในรายการสต็อกต่ำ
A7: UAT-INV-03 | B7: ยืนยันใบรับสินค้าแล้วสต็อกเพิ่ม | C7: 1. สร้างใบรับสินค้า (Goods Receipt) ระบุรายการและจำนวน 2. ยืนยันใบรับ | D7: สต็อกเพิ่มขึ้นตามจำนวนที่รับ
A8: UAT-INV-04 | B8: บันทึกการรับสินค้าเป็นล็อต พร้อมวันหมดอายุและซัพพลายเออร์ | C8: 1. สร้างใบรับสินค้า ระบุวันหมดอายุและชื่อซัพพลายเออร์ 2. ยืนยัน 3. เปิดดูรายละเอียดล็อต | D8: ล็อตแสดงวันหมดอายุและซัพพลายเออร์ถูกต้อง
A9: UAT-INV-05 | B9: บันทึกของเสีย (Waste) พร้อมเหตุผล | C9: 1. บันทึกของเสีย เลือกวัตถุดิบ จำนวน และเหตุผล (หมดอายุ/หก/ทดลอง/เสียหาย/อื่นๆ) | D9: สต็อกลดลงและบันทึกเหตุผลไว้
A10: UAT-INV-06 | B10: ปรับปรุงยอดสต็อก (Adjustment) พร้อมเหตุผล | C10: 1. ทำรายการปรับยอด ระบุจำนวนใหม่และเหตุผล | D10: ยอดคงเหลือเปลี่ยนตาม และมีประวัติการปรับยอด
A11: UAT-INV-07 | B11: ประวัติการเคลื่อนไหวสต็อกแก้ไขย้อนหลังไม่ได้ | C11: 1. เปิดประวัติการเคลื่อนไหวของวัตถุดิบ 2. ตรวจว่าการแก้ยอดทำได้ทางรายการปรับปรุงใหม่เท่านั้น | D11: รายการเดิมไม่ถูกลบ/แก้ การแก้ไขปรากฏเป็นรายการปรับยอดใหม่

Sheet 3.7 คำสั่งซื้อและ KDS
A1: การทดสอบ: 3.7 คำสั่งซื้อและ KDS
A2: อ้างอิง: TOR ข้อ 3.7
A4: รหัส | B4: สถานการณ์ทดสอบ | C4: ขั้นตอน | D4: ผลที่คาดหวัง | E4: ผล | F4: หมายเหตุ | G4: ผู้ทดสอบ | H4: วันที่
A5: UAT-ORD-01 | B5: รับออเดอร์ทานที่ร้านพร้อมตัวเลือก | C5: 1. สร้างออเดอร์ Dine-in 2. เพิ่มสินค้าพร้อมตัวเลือก (เช่น ขนาด/ความหวาน) 3. ยืนยัน | D5: ออเดอร์ถูกสร้าง ราคารวมถูกต้อง (รวมราคาตัวเลือก)
A6: UAT-ORD-02 | B6: รับออเดอร์สั่งกลับ (Takeaway) | C6: 1. สร้างออเดอร์ Takeaway 2. ยืนยัน | D6: ออเดอร์บันทึกประเภทช่องทางถูกต้อง
A7: UAT-ORD-03 | B7: ชำระด้วยเงินสด | C7: 1. เปิดออเดอร์สถานะรอดำเนินการ 2. เลือกชำระเงินสด | D7: สถานะเปลี่ยนเป็น 'ชำระแล้ว' บันทึกวิธีชำระ
A8: UAT-ORD-04 | B8: ชำระด้วยบัตร | C8: 1. ชำระออเดอร์ด้วยวิธี 'บัตร' | D8: สถานะเปลี่ยนเป็น 'ชำระแล้ว' บันทึกวิธีชำระ
A9: UAT-ORD-05 | B9: ชำระด้วย QR | C9: 1. ชำระออเดอร์ด้วยวิธี 'QR' | D9: สถานะเปลี่ยนเป็น 'ชำระแล้ว' บันทึกวิธีชำระ
A10: UAT-ORD-06 | B10: สถานะออเดอร์ครบวงจร | C10: 1. ไล่สถานะ: รอดำเนินการ → ชำระแล้ว → กำลังทำ → พร้อมส่ง → เสร็จสิ้น | D10: เปลี่ยนสถานะได้ตามลำดับ ย้อนกลับ/ข้ามลำดับไม่ได้
A11: UAT-ORD-07 | B11: ออเดอร์ใหม่ขึ้นจอครัว (KDS) ทันทีโดยไม่รีเฟรช | C11: 1. เปิดจอ KDS ค้างไว้ 2. สร้างออเดอร์ใหม่จากเครื่องอื่น | D11: ออเดอร์ปรากฏบน KDS ทันทีโดยไม่ต้องรีเฟรชหน้าจอ
A12: UAT-ORD-08 | B12: การเปลี่ยนสถานะสะท้อนบน KDS แบบเรียลไทม์ | C12: 1. เปลี่ยนสถานะออเดอร์จากเครื่องหนึ่ง 2. ดูจอ KDS อีกเครื่อง | D12: สถานะบน KDS อัปเดตทันที
A13: UAT-ORD-09 | B13: ผู้จัดการยกเลิกออเดอร์แล้วสต็อกคืนอัตโนมัติ | C13: 1. จดสต็อกวัตถุดิบ 2. ผู้จัดการ Void ออเดอร์ที่ชำระแล้ว พร้อมเหตุผล 3. ตรวจสต็อกอีกครั้ง | D13: สถานะเป็น 'ยกเลิก' สต็อกคืนเท่าที่ตัดไป และมีบันทึกการยกเลิก

Sheet 3.8 สั่งซื้อล่วงหน้า
A1: การทดสอบ: 3.8 สั่งซื้อล่วงหน้า
A2: อ้างอิง: TOR ข้อ 3.8
A4: รหัส | B4: สถานการณ์ทดสอบ | C4: ขั้นตอน | D4: ผลที่คาดหวัง | E4: ผล | F4: หมายเหตุ | G4: ผู้ทดสอบ | H4: วันที่
A5: UAT-PRE-01 | B5: สร้างพรีออเดอร์พร้อมชื่อลูกค้าและวันครบกำหนด | C5: 1. สร้างพรีออเดอร์ ระบุลูกค้า วันครบกำหนด และรายการสินค้า | D5: พรีออเดอร์ถูกบันทึก สถานะ 'รอดำเนินการ'
A6: UAT-PRE-02 | B6: เพิ่ม/ลบรายการในพรีออเดอร์ | C6: 1. เปิดพรีออเดอร์ 2. เพิ่มสินค้า 1 รายการ 3. ลบสินค้า 1 รายการ | D6: รายการและยอดรวมอัปเดตถูกต้อง
A7: UAT-PRE-03 | B7: ดูสรุปวัตถุดิบที่ต้องใช้ | C7: 1. เปิดหน้าสรุปวัตถุดิบ (Ingredients) ของพรีออเดอร์ | D7: แสดงรายการวัตถุดิบรวมตามสูตรของสินค้าทั้งหมดในพรีออเดอร์
A8: UAT-PRE-04 | B8: เริ่มผลิตแล้วตัดสต็อก | C8: 1. จดสต็อกวัตถุดิบ 2. กด 'เริ่มผลิต' 3. ตรวจสต็อก | D8: สถานะเป็น 'กำลังดำเนินการ' และสต็อกถูกตัดตามสูตร
A9: UAT-PRE-05 | B9: ปิดงานพรีออเดอร์ | C9: 1. กด 'เสร็จสิ้น' บนพรีออเดอร์ที่กำลังดำเนินการ | D9: สถานะเป็น 'เสร็จสิ้น'
A10: UAT-PRE-06 | B10: ยกเลิกก่อนเริ่มผลิต ไม่กระทบสต็อก | C10: 1. สร้างพรีออเดอร์ใหม่ 2. ยกเลิกทันทีก่อนเริ่มผลิต 3. ตรวจสต็อก | D10: สถานะเป็น 'ยกเลิก' สต็อกไม่เปลี่ยนแปลง

Sheet 3.9 รายการของที่ต้องซื้อ
A1: การทดสอบ: 3.9 รายการของที่ต้องซื้อ
A2: อ้างอิง: TOR ข้อ 3.9
A4: รหัส | B4: สถานการณ์ทดสอบ | C4: ขั้นตอน | D4: ผลที่คาดหวัง | E4: ผล | F4: หมายเหตุ | G4: ผู้ทดสอบ | H4: วันที่
A5: UAT-SHP-01 | B5: เพิ่มวัตถุดิบในรายการที่ต้องซื้อ | C5: 1. เปิด Shopping List 2. เพิ่มรายการพร้อมจำนวน | D5: รายการปรากฏใน Shopping List
A6: UAT-SHP-02 | B6: ลบรายการออกจากรายการที่ต้องซื้อ | C6: 1. ลบรายการที่มีอยู่ | D6: รายการหายไปจาก Shopping List
A7: UAT-SHP-03 | B7: ส่งออกข้อความเพื่อนำไปจัดซื้อ | C7: 1. กดส่งออก/พิมพ์รายการ | D7: ได้ข้อความรายการของที่ต้องซื้อ พร้อมคัดลอก/ส่งต่อได้

Sheet 3.10 ข้อมูลลูกค้า (CRM)
A1: การทดสอบ: 3.10 ข้อมูลลูกค้า (CRM)
A2: อ้างอิง: TOR ข้อ 3.10
A4: รหัส | B4: สถานการณ์ทดสอบ | C4: ขั้นตอน | D4: ผลที่คาดหวัง | E4: ผล | F4: หมายเหตุ | G4: ผู้ทดสอบ | H4: วันที่
A5: UAT-CRM-01 | B5: สร้างข้อมูลลูกค้าใหม่ | C5: 1. สร้างลูกค้า: ชื่อ, เบอร์โทร, อีเมล | D5: ลูกค้าถูกบันทึกและค้นหาเจอ
A6: UAT-CRM-02 | B6: ค้นหาลูกค้าด้วยชื่อหรือเบอร์โทร | C6: 1. ค้นหาด้วยบางส่วนของชื่อ 2. ค้นหาด้วยเบอร์โทร | D6: พบลูกค้าที่ตรงเงื่อนไข
A7: UAT-CRM-03 | B7: ดูประวัติการสั่งซื้อย้อนหลังของลูกค้า | C7: 1. สร้างออเดอร์ผูกกับลูกค้า 2. เปิดหน้าโปรไฟล์ลูกค้า | D7: เห็นรายการออเดอร์ล่าสุดของลูกค้า
A8: UAT-CRM-04 | B8: แก้ไขข้อมูลลูกค้า | C8: 1. แก้ไขเบอร์โทร/อีเมลของลูกค้า 2. บันทึก | D8: ข้อมูลอัปเดตถูกต้อง

Sheet 3.11 รายงานและแดชบอร์ด
A1: การทดสอบ: 3.11 รายงานและแดชบอร์ด
A2: อ้างอิง: TOR ข้อ 3.11
A4: รหัส | B4: สถานการณ์ทดสอบ | C4: ขั้นตอน | D4: ผลที่คาดหวัง | E4: ผล | F4: หมายเหตุ | G4: ผู้ทดสอบ | H4: วันที่
A5: UAT-RPT-01 | B5: แดชบอร์ดประจำวันแสดงยอดออเดอร์และรายได้รวม | C5: 1. สร้างและชำระออเดอร์อย่างน้อย 1 รายการวันนี้ 2. เปิดแดชบอร์ดประจำวัน | D5: จำนวนออเดอร์และรายได้รวมตรงกับที่ขายจริง
A6: UAT-RPT-02 | B6: รายงานยอดขายแบบรายวัน | C6: 1. เปิดรายงานยอดขาย เลือกช่วงวันที่ มุมมองรายวัน | D6: ยอดขายแยกตามวันถูกต้อง
A7: UAT-RPT-03 | B7: รายงานยอดขายแบบรายชั่วโมง | C7: 1. เลือกมุมมองรายชั่วโมง | D7: ยอดขายแยกตามชั่วโมงถูกต้อง
A8: UAT-RPT-04 | B8: รายงานยอดขายแยกตามสินค้า | C8: 1. เลือกมุมมองตามสินค้า | D8: ยอดขายต่อสินค้าถูกต้อง
A9: UAT-RPT-05 | B9: รายงานยอดขายแยกตามหมวดหมู่ | C9: 1. เลือกมุมมองตามหมวดหมู่ | D9: ยอดขายต่อหมวดหมู่ถูกต้อง
A10: UAT-RPT-06 | B10: รายงานยอดขายแยกตามวิธีชำระเงิน | C10: 1. เลือกมุมมองตามวิธีชำระเงิน | D10: ยอดแยกเงินสด/บัตร/QR ถูกต้อง
A11: UAT-RPT-07 | B11: รายงานต้นทุนสินค้าขาย (COGS) | C11: 1. เปิดรายงาน COGS เลือกช่วงวันที่ | D11: แสดงปริมาณและต้นทุนวัตถุดิบที่ใช้ไป
A12: UAT-RPT-08 | B12: รายงานของเสีย | C12: 1. เปิดรายงานของเสีย เลือกช่วงวันที่ | D12: แสดงของเสียพร้อมเหตุผลและมูลค่า
A13: UAT-RPT-09 | B13: รายงานสต็อกต่ำ | C13: 1. เปิดรายงานสต็อกต่ำ | D13: แสดงวัตถุดิบที่ต่ำกว่า Par Level
A14: UAT-RPT-10 | B14: รายงานกะแคชเชียร์ | C14: 1. เปิดรายงานกะแคชเชียร์ เลือกช่วงวันที่ | D14: แสดงเซสชันเงินสดพร้อมยอดเปิด-ปิด

Sheet ข้อ 4 ข้อกำหนดทางเทคนิค
A1: การทดสอบ: ข้อ 4 ข้อกำหนดทางเทคนิค
A2: อ้างอิง: TOR ข้อ 4
A4: รหัส | B4: สถานการณ์ทดสอบ | C4: ขั้นตอน | D4: ผลที่คาดหวัง | E4: ผล | F4: หมายเหตุ | G4: ผู้ทดสอบ | H4: วันที่
A5: UAT-TEC-01 | B5: การแยกข้อมูลระหว่างสาขา (Multi-tenant) | C5: 1. เข้าสู่ระบบด้วยพนักงานสาขา A 2. ตรวจว่าเห็นเฉพาะออเดอร์/สต็อก/ลูกค้าของสาขา A 3. ทำซ้ำกับสาขา B | D5: พนักงานแต่ละสาขาเห็นเฉพาะข้อมูลสาขาตนเอง
A6: UAT-TEC-02 | B6: ความแม่นยำของตัวเลขเงินและปริมาณ | C6: 1. สร้างออเดอร์ที่มีตัวเลือกราคาบวกเพิ่มหลายรายการ 2. ตรวจยอดรวมเทียบการคำนวณด้วยมือ | D6: ยอดรวมตรงเป๊ะ ไม่มีเศษทศนิยมคลาดเคลื่อน
A7: UAT-TEC-03 | B7: ประวัติสต็อกแบบ Append-only | C7: 1. ทำรายการขาย/รับ/ปรับยอด 2. ตรวจประวัติการเคลื่อนไหว | D7: ทุกการเปลี่ยนแปลงมีบันทึกถาวร ไม่มีการลบ/แก้รายการเดิม
A8: UAT-TEC-04 | B8: ใช้งานผ่านคลาวด์ (Railway) ได้จากหลายอุปกรณ์ | C8: 1. เปิดระบบจาก URL จริงบนอุปกรณ์ 2 เครื่องพร้อมกัน | D8: ใช้งานได้ปกติทั้งสองเครื่อง ข้อมูลตรงกัน

Sheet ฟังก์ชันเพิ่มเติม (นอก TOR)
A1: การทดสอบ: ฟังก์ชันเพิ่มเติม (นอก TOR)
A2: อ้างอิง: นอกเหนือ TOR — ไม่อยู่ในเกณฑ์การตรวจรับ
A4: รหัส | B4: สถานการณ์ทดสอบ | C4: ขั้นตอน | D4: ผลที่คาดหวัง | E4: ผล | F4: หมายเหตุ | G4: ผู้ทดสอบ | H4: วันที่
A5: UAT-EXT-01 | B5: สมัครสมาชิกลูกค้า (Membership) | C5: 1. สมัครสมาชิกด้วยเบอร์โทรลูกค้า | D5: ลูกค้ามีบัญชีสมาชิกและแต้มเริ่มต้น
A6: UAT-EXT-02 | B6: สะสมแต้มจากการซื้อ | C6: 1. ชำระออเดอร์โดยระบุสมาชิก 2. ตรวจแต้ม | D6: แต้มเพิ่มตามกติกาโปรแกรม (ต่อบิล/ต่อบาท/ต่อชิ้น)
A7: UAT-EXT-03 | B7: แลกแต้มรับส่วนลด/ของฟรี | C7: 1. แลกรางวัลที่ตั้งค่าไว้ในออเดอร์ | D7: ส่วนลด/ของฟรีถูกใช้และแต้มถูกหัก
A8: UAT-EXT-04 | B8: โปรโมชันส่วนลดเปอร์เซ็นต์ | C8: 1. ตั้งโปรโมชันลด % แล้วสร้างออเดอร์ที่เข้าเงื่อนไข | D8: ส่วนลดคำนวณอัตโนมัติถูกต้อง
A9: UAT-EXT-05 | B9: โปรโมชัน Happy Hour | C9: 1. ตั้งช่วงเวลา Happy Hour แล้วสั่งสินค้าในช่วงเวลานั้น | D9: ราคา/ส่วนลดมีผลเฉพาะช่วงเวลาที่กำหนด
A10: UAT-EXT-06 | B10: ใบสั่งผลิต (Production Order) เพิ่มสต็อกสินค้าสำเร็จ | C10: 1. สร้างใบสั่งผลิตสินค้าประเภท Produced 2. ยืนยันการผลิต 3. ตรวจสต็อก | D10: วัตถุดิบถูกตัด สินค้าสำเร็จเพิ่มเข้าสต็อกพร้อมต้นทุนต่อหน่วย
A11: UAT-EXT-07 | B11: ตรวจนับสต็อก (Stock Take) | C11: 1. เปิดรอบตรวจนับ 2. กรอกจำนวนที่นับได้จริง 3. ปิดรอบ | D11: ระบบสร้างรายการปรับยอดตามผลต่างให้อัตโนมัติ
A12: UAT-EXT-08 | B12: QR PromptPay พร้อมยอดเงิน | C12: 1. เปิด QR ชำระเงินของออเดอร์ | D12: QR สแกนได้และยอดเงินตรงกับออเดอร์
A13: UAT-EXT-09 | B13: เลขที่ใบเสร็จและเลขออเดอร์รายวัน | C13: 1. สร้างออเดอร์ 2 รายการในวันเดียวกัน 2. ตรวจเลขออเดอร์และเลขใบเสร็จ | D13: เลขออเดอร์รันต่อเนื่องและรีเซ็ตทุกวัน เลขใบเสร็จรูปแบบ IVppppMMDD-NNNN (พ.ศ.)
